USE BDEX3_REDESOCIAL;

INSERT INTO USUARIOS (ID_USUARIO,NOME_USUARIO,SOBRENOME,EMAIL)
	VALUES (001,"FULANO","DE SOUSA","01@GMAIL.COM"),
		(002,"CICLANO","DA SOUSA","02@GMAIL.COM"),
		(003,"BELTRANO","SOUSA","03@GMAIL.COM"),
		(004,"MARCOLANO","SOUZA","04@GMAIL.COM"),
		(005,"MARIA","BONITA","05@GMAIL.COM");
		
INSERT INTO GRUPOS (ID_GRUPO,NOME_GRUPO,DESCRICAO)
	VALUES (001,"VASCOFC","TIME DE FUTEBOL"),
			(002,"FLAMENGOFC","MEME"),
            (003,"FLUMINENSEFC","CRITICAS"),
            (004,"CRICIUMAFC","FOFOCA"),
            (005,"CRUZEIROFC","UNIFORMES");
            
INSERT INTO POSTAGENS (ID_POST,TEXTO,IMAGEM,DATA_HORA,USUARIO)
	VALUES (001,"TXT01","IMG01","1999-10-8 20:10:59",001),
			(002,"TXT02","IMG02","1999-10-9 20:10:58",002),
            (003,"TXT03","IMG03","1999-10-10 20:10:57",003),
            (004,"TXT04","IMG04","1999-10-11 20:10:56",004),
			(005,"TXT05","IMG05","1999-10-12 20:10:55",005);
            
INSERT INTO COMENTARIOS (ID_COMENTARIO,TEXTO,DATAHORA,USUARIO,POST)
	VALUES (001,"TXT01","2000-10-05 20:20:20",001,1),
			(002,"TXT02","2000-10-06 20:20:21",002,2),
            (003,"TXT03","2000-10-07 20:20:22",003,3),
            (004,"TXT04","2000-10-08 20:20:23",004,4),
            (005,"TXT05","2000-10-09 20:20:24",005,5);
            
INSERT INTO SEGUIDORES_USUARIOS (USUARIO,SEGUIDOR)
	VALUES (001,001),
			(002,002),
            (003,003),
            (004,004),
            (005,005);
            
INSERT INTO USUARIOS_GRUPOS (USUARIO,GRUPO)
	VALUES (001,001),
			(002,002),
            (003,003),
            (004,004),
            (005,005);
			
